{"cycle": {"count": 128287.0, "mean": 123.19591229041134, "std": 83.47984469403495, "min": 1.0, "25%": 57.0, "50%": 113.0, "75%": 173.0, "max": 543.0}, "setting_1": {"count": 128287.0, "mean": 17.22071012651321, "std": 16.535295280393118, "min": -0.0087, "25%": 0.0013, "50%": 19.9982, "75%": 35.0015, "max": 42.008}, "setting_2": {"count": 128287.0, "mean": 0.4100886574633439, "std": 0.36799008554632584, "min": -0.0006, "25%": 0.0002, "50%": 0.62, "75%": 0.84, "max": 0.842}, "s1": {"count": 128287.0, "mean": 485.8294297161832, "std": 30.432041290654734, "min": 445.0, "25%": 449.44, "50%": 489.05, "75%": 518.67, "max": 518.67}, "s2": {"count": 128287.0, "mean": 597.3323864460156, "std": 42.505836158929085, "min": 535.48, "25%": 549.95, "50%": 605.93, "75%": 642.34, "max": 644.53}, "s3": {"count": 128287.0, "mean": 1466.9449117213746, "std": 118.26549622047555, "min": 1242.67, "25%": 1357.29, "50%": 1492.79, "75%": 1586.61, "max": 1616.91}, "s4": {"count": 128287.0, "mean": 1260.866629588345, "std": 136.37921956986628, "min": 1023.77, "25%": 1126.8, "50%": 1271.23, "75%": 1402.21, "max": 1441.16}, "s5": {"count": 128287.0, "mean": 9.893218018973084, "std": 4.267648624313998, "min": 3.91, "25%": 5.48, "50%": 9.35, "75%": 14.62, "max": 14.62}, "s6": {"count": 128287.0, "mean": 14.421797765946666, "std": 6.4472940073943, "min": 5.67, "25%": 8.0, "50%": 13.66, "75%": 21.61, "max": 21.61}, "s7": {"count": 128287.0, "mean": 359.6260593045281, "std": 174.2310133980378, "min": 136.17, "25%": 175.69, "50%": 341.39, "75%": 553.29, "max": 570.81}, "s8": {"count": 128287.0, "mean": 2277.1793262372644, "std": 133.87200980388673, "min": 1948.2249999999995, "25%": 2212.12, "50%": 2319.38, "75%": 2388.05, "max": 2388.64}, "s9": {"count": 128287.0, "mean": 8677.25857101655, "std": 374.97386310302585, "min": 7985.18, "25%": 8334.5, "50%": 8764.13, "75%": 9055.9, "max": 9244.59}, "s11": {"count": 128287.0, "mean": 44.208676950899154, "std": 3.42948971630234, "min": 36.07, "25%": 42.01, "50%": 44.92, "75%": 47.34, "max": 48.53}, "s13": {"count": 128287.0, "mean": 2388.0508251810393, "std": 0.19233337447717624, "min": 2387.6849999999995, "25%": 2387.97, "50%": 2388.07, "75%": 2388.16, "max": 2388.4449999999997}, "s14": {"count": 128287.0, "mean": 8098.422906685791, "std": 56.85082343398572, "min": 7967.209999999999, "25%": 8070.54, "50%": 8118.58, "75%": 8139.4, "max": 8242.73}, "s15": {"count": 128287.0, "mean": 9.035645061073998, "std": 0.7041218992329011, "min": 8.1757, "25%": 8.4392, "50%": 9.0399, "75%": 9.3445, "max": 10.701625000000003}, "s17": {"count": 128287.0, "mean": 360.67373155502895, "std": 31.043975284207924, "min": 302.0, "25%": 332.0, "50%": 367.0, "75%": 392.0, "max": 400.0}, "op_conditions": {"count": 128287.0, "mean": 4.583956285516069, "std": 2.2527934506824967, "min": 1.0, "25%": 1.0, "50%": 6.0, "75%": 6.0, "max": 6.0}, "rolling_s14_mean": {"count": 128287.0, "mean": 8098.47219677463, "std": 35.5087281386716, "min": 7967.209999999999, "25%": 8071.564, "50%": 8090.409, "75%": 8131.360500000001, "max": 8242.73}, "temp_pressure_interaction": {"count": 128287.0, "mean": 4839282.584934685, "std": 370011.0534326124, "min": 4266281.6108, "25%": 4450871.134749999, "50%": 4910157.416900001, "75%": 5227439.9588, "max": 5312686.766899999}, "cycle_ratio": {"count": 128287.0, "mean": 0.4997152247025533, "std": 0.28748297327599104, "min": 0.001838235294117647, "25%": 0.25098820404655886, "50%": 0.5, "75%": 0.7484374389624595, "max": 0.9981617647058824}}